"Pass","Bar_ID","Seg_ID","nat_barrier"
1,"c","c_s",FALSE
1,"c","sink",FALSE
1,"a","a_s",FALSE
1,"a","sink",FALSE
0.4439,"d","d_s",FALSE
0.4439,"d","sink",FALSE
1,"b","b_s",FALSE
1,"b","c_s",FALSE
0.7712,"k","k_s",FALSE
0.7712,"k","d_s",FALSE
0.2056,"i","i_s",FALSE
0.2056,"i","d_s",FALSE
0,"m","m_s",FALSE
0,"m","d_s",FALSE
0,"o","o_s",FALSE
0,"o","d_s",FALSE
1,"e","e_s",FALSE
1,"e","b_s",FALSE
0,"j","j_s",FALSE
0,"j","k_s",FALSE
1,"g","g_s",FALSE
1,"g","k_s",FALSE
0,"f","f_s",FALSE
0,"f","k_s",FALSE
0,"l","l_s",TRUE
0,"l","m_s",TRUE
