"Bar_ID","Seg_1","Seg_2","Pass","nat_barrier","section1.2"
"c","c_s","sink",1,FALSE,"c_s,sink"
"a","a_s","sink",1,FALSE,"a_s,sink"
"d","d_s","sink",0.4439,FALSE,"d_s,sink"
"b","b_s","c_s",1,FALSE,"b_s,c_s"
"k","k_s","d_s",0.7712,FALSE,"k_s,d_s"
"i","i_s","d_s",0.2056,FALSE,"i_s,d_s"
"m","m_s","d_s",0,FALSE,"m_s,d_s"
"o","o_s","d_s",0,FALSE,"o_s,d_s"
"e","e_s","b_s",1,FALSE,"e_s,b_s"
"j","j_s","k_s",0,FALSE,"j_s,k_s"
"g","g_s","k_s",1,FALSE,"g_s,k_s"
"f","f_s","k_s",0,FALSE,"f_s,k_s"
"l","l_s","m_s",0,TRUE,"l_s,m_s"
"c","sink","c_s",1,FALSE,"sink,c_s"
"a","sink","a_s",1,FALSE,"sink,a_s"
"d","sink","d_s",0.4439,FALSE,"sink,d_s"
"b","c_s","b_s",1,FALSE,"c_s,b_s"
"k","d_s","k_s",0.7712,FALSE,"d_s,k_s"
"i","d_s","i_s",0.2056,FALSE,"d_s,i_s"
"m","d_s","m_s",0,FALSE,"d_s,m_s"
"o","d_s","o_s",0,FALSE,"d_s,o_s"
"e","b_s","e_s",1,FALSE,"b_s,e_s"
"j","k_s","j_s",0,FALSE,"k_s,j_s"
"g","k_s","g_s",1,FALSE,"k_s,g_s"
"f","k_s","f_s",0,FALSE,"k_s,f_s"
"l","m_s","l_s",0,TRUE,"m_s,l_s"
