"Seg_ID","Seg"
"c_s","c_s"
"c_s","sink"
"c_s","b_s"
"a_s","a_s"
"a_s","sink"
"d_s","d_s"
"d_s","sink"
"d_s","k_s"
"d_s","i_s"
"d_s","m_s"
"d_s","o_s"
"b_s","b_s"
"b_s","c_s"
"b_s","e_s"
"k_s","k_s"
"k_s","d_s"
"k_s","j_s"
"k_s","g_s"
"k_s","f_s"
"i_s","i_s"
"i_s","d_s"
"m_s","m_s"
"m_s","d_s"
"m_s","l_s"
"o_s","o_s"
"o_s","d_s"
"e_s","e_s"
"e_s","b_s"
"j_s","j_s"
"j_s","k_s"
"g_s","g_s"
"g_s","k_s"
"f_s","f_s"
"f_s","k_s"
"l_s","l_s"
"l_s","m_s"
"sink","sink"
"sink","c_s"
"sink","a_s"
"sink","d_s"
